{
    "learning_rate": 0.0029337497722683008,
    "dropout_rate": 0.2825637992701087,
    "batch_size": 32,
    "weight_decay": 0.0009936466844935156,
    "activation": "leaky_relu",
    "optimizer": "adam",
    "hidden_layers": [
        256,
        256,
        256,
        256
    ],
    "batch_norm": true
}